[
    {
        "name": "psr/log",
        "version": "1.0.0",
        "version_normalized": "1.0.0.0",
        "source": {
            "type": "git",
            "url": "https://github.com/php-fig/log.git",
            "reference": "fe0936ee26643249e916849d48e3a51d5f5e278b"
        },
        "dist": {
            "type": "zip",
            "url": "https://api.github.com/repos/php-fig/log/zipball/fe0936ee26643249e916849d48e3a51d5f5e278b",
            "reference": "fe0936ee26643249e916849d48e3a51d5f5e278b",
            "shasum": ""
        },
        "time": "2012-12-21 11:40:51",
        "type": "library",
        "installation-source": "dist",
        "autoload": {
            "psr-0": {
                "Psr\\Log\\": ""
            }
        },
        "notification-url": "https://packagist.org/downloads/",
        "license": [
            "MIT"
        ],
        "authors": [
            {
                "name": "PHP-FIG",
                "homepage": "http://www.php-fig.org/"
            }
        ],
        "description": "Common interface for logging libraries",
        "keywords": [
            "log",
            "psr",
            "psr-3"
        ]
    },
    {
        "name": "paypal/rest-api-sdk-php",
        "version": "1.7.2",
        "version_normalized": "1.7.2.0",
        "source": {
            "type": "git",
            "url": "https://github.com/paypal/PayPal-PHP-SDK.git",
            "reference": "d3031fc35f4f4b0034a22a6e7174ae063f3a4b22"
        },
        "dist": {
            "type": "zip",
            "url": "https://api.github.com/repos/paypal/PayPal-PHP-SDK/zipball/d3031fc35f4f4b0034a22a6e7174ae063f3a4b22",
            "reference": "d3031fc35f4f4b0034a22a6e7174ae063f3a4b22",
            "shasum": ""
        },
        "require": {
            "ext-curl": "*",
            "ext-json": "*",
            "php": ">=5.3.0",
            "psr/log": "1.0.0"
        },
        "require-dev": {
            "phpunit/phpunit": "3.7.*"
        },
        "time": "2016-05-13 18:25:38",
        "type": "library",
        "installation-source": "dist",
        "autoload": {
            "psr-0": {
                "PayPal": "lib/"
            }
        },
        "notification-url": "https://packagist.org/downloads/",
        "license": [
            "Apache2"
        ],
        "authors": [
            {
                "name": "PayPal",
                "homepage": "https://github.com/paypal/rest-api-sdk-php/contributors"
            }
        ],
        "description": "PayPal's PHP SDK for REST APIs",
        "homepage": "http://paypal.github.io/PayPal-PHP-SDK/",
        "keywords": [
            "payments",
            "paypal",
            "rest",
            "sdk"
        ]
    }
]
