<?xml version="1.0"?>
<ruleset name="GiveWP Coding Standards">
	<!-- See https://github.com/squizlabs/PHP_CodeSniffer/wiki/Annotated-ruleset.xml -->
	<!-- See https://github.com/WordPress-Coding-Standards/WordPress-Coding-Standards/blob/develop/WordPress-Core/ruleset.xml -->

	<!-- Set a description for this ruleset. -->
	<description>We love clean code for GiveWP. This will let us enforce that easily.</description>

	<!-- Exclude directories we don't want checked. -->
	<exclude-pattern>*/assets/*</exclude-pattern>
	<exclude-pattern>*/language/*</exclude-pattern>
	<exclude-pattern>*/node_modules/*</exclude-pattern>
	<exclude-pattern>*/vendor/*</exclude-pattern>

	<!-- Bring in WP rules. -->
	<rule ref="WordPress-Core">
		<exclude name="WordPress.Files.FileName.InvalidClassFileName" />
		<exclude name="WordPress.WP.I18n.MissingTranslatorsComment" />
		<exclude name="Generic.Arrays.DisallowShortArraySyntax" />
	</rule>

	<rule ref="WordPress.Files.FileName.NotHyphenatedLowercase">
		<exclude-pattern>src/*</exclude-pattern>
	</rule>

	<rule ref="WordPress.NamingConventions.ValidFunctionName.MethodNameInvalid">
		<exclude-pattern>src/*</exclude-pattern>
	</rule>

	<rule ref="WordPress.NamingConventions.ValidVariableName.PropertyNotSnakeCase">
		<exclude-pattern>src/*</exclude-pattern>
	</rule>

	<rule ref="WordPress.NamingConventions.ValidVariableName.UsedPropertyNotSnakeCase">
		<exclude-pattern>src/*</exclude-pattern>
	</rule>

	<rule ref="WordPress.NamingConventions.ValidVariableName.VariableNotSnakeCase">
		<exclude-pattern>src/*</exclude-pattern>
	</rule>

	<rule ref="WordPress.NamingConventions.ValidVariableName.InterpolatedVariableNotSnakeCase">
		<exclude-pattern>src/*</exclude-pattern>
	</rule>

	<rule ref="WordPress.Arrays.CommaAfterArrayItem.NoComma">
		<exclude-pattern>src/*</exclude-pattern>
	</rule>

	<rule ref="Generic.Arrays.DisallowLongArraySyntax.Found">
	  <type>warning</type>
	</rule>


	<rule ref="WordPress.WP.I18n">
		<properties>
			<property name="text_domain" type="array" value="give-manual-donations"/>
		</properties>
	</rule>
</ruleset>
